	imagem_fixa	imagem_em_movimento	nome_da_metrica	vetor_de_deslocamento	valor_final_da_metrica	tempo_total_registro	numero_de_interacoes	deslocamento_inicial_x	deslocamento_inicial_y
0	Par1_dcm/DRR.270.png	Par1_dcm/CR.270.png	JointHistogramMutualInformation	[-0.00077618 -0.06828933 -0.45831547]	-0.6539322728227657	1.4921696186065674	22	0	0
1	Par1_dcm/DRR.270.png	Par1_dcm/CR.270.png	MattesMutualInformation	[-0.01090768 -0.01411941 -0.97205297]	-0.5404578966114477	0.530005931854248	26	0	0
2	Par1_dcm/DRR.270.png	Par1_dcm/CR.270.png	Correlation	[-0.00402898 -2.01548031 -1.86255891]	-0.7845473515483165	0.5553083419799805	23	0	0
3	Par1_dcm/DRR.270.png	Par1_dcm/CR.270.png	ANTSNeighborhoodCorrelation	[-6.47352988e-03 -1.15535285e+01  1.51220384e+01]	-0.7688515051407434	13.652006149291992	19	0	0
4	Par1_dcm/DRR.270.png	Par1_dcm/CR.270.png	JointHistogramMutualInformation	[ -0.04592168 -18.23366851   7.42562604]	-0.5748253848020967	1.606985569000244	19	0	0
5	Par1_dcm/DRR.270.png	Par1_dcm/CR.270.png	MattesMutualInformation	[-0.00367499  2.92013817 -0.9584326 ]	-0.5410243508566284	0.6963627338409424	25	0	0
6	Par1_dcm/DRR.270.png	Par1_dcm/CR.270.png	Correlation	[ -0.03730102   8.7806821  -17.18942603]	-0.7040759065841794	0.5643389225006104	19	0	0
7	Par1_dcm/DRR.270.png	Par1_dcm/CR.270.png	ANTSNeighborhoodCorrelation	[ 0.01585402 -8.87172075  4.90661623]	-0.7682990834497749	12.051117181777954	19	0	0
8	Par1_dcm/DRR.270.png	Par1_dcm/CR.270.png	JointHistogramMutualInformation	[-2.15166438e-02 -4.65214696e+01 -8.28032437e+00]	-0.3948381232712621	1.3185718059539795	19	0	0
9	Par1_dcm/DRR.270.png	Par1_dcm/CR.270.png	MattesMutualInformation	[-0.01200785  2.67338706  0.05474456]	-0.543943313661321	0.5456278324127197	20	0	0
10	Par1_dcm/DRR.270.png	Par1_dcm/CR.270.png	Correlation	[ 2.92383335e-03 -2.97840430e+01  2.27144536e+00]	-0.6143196174356855	0.7282907962799072	19	0	0
11	Par1_dcm/DRR.270.png	Par1_dcm/CR.270.png	ANTSNeighborhoodCorrelation	[ 0.00376988 -0.52044693 -0.02359921]	-0.7784613353906802	15.838178396224976	21	0	0
12	Par1_dcm/DRR.270.png	Par1_dcm/CR.270.png	JointHistogramMutualInformation	[-0.00551426  0.38088295 -0.34340765]	-0.6537843466396074	1.1642708778381348	19	0	0
13	Par1_dcm/DRR.270.png	Par1_dcm/CR.270.png	MattesMutualInformation	[-0.01223243  2.55986381 -0.37495072]	-0.5417560905522089	0.7496867179870605	28	0	0
14	Par1_dcm/DRR.270.png	Par1_dcm/CR.270.png	Correlation	[-0.00421054 -1.56838262 -0.05252278]	-0.7892127974778625	0.7160582542419434	19	0	0
15	Par1_dcm/DRR.270.png	Par1_dcm/CR.270.png	ANTSNeighborhoodCorrelation	[ 6.48768999e-04 -8.03833011e+00  2.51763771e+00]	-0.7692625406607047	14.00548243522644	20	0	0
16	Par1_dcm/DRR.270.png	Par1_dcm/CR.270.png	JointHistogramMutualInformation	[-0.00586125  0.41074635 -0.48795087]	-0.650002677083185	1.6093544960021973	35	0	0
17	Par1_dcm/DRR.270.png	Par1_dcm/CR.270.png	MattesMutualInformation	[-3.51933786e-03  3.75307508e+00 -1.59101209e-01]	-0.5373127710872376	0.5136454105377197	25	0	0
18	Par1_dcm/DRR.270.png	Par1_dcm/CR.270.png	Correlation	[-0.01043603 -0.90218642 -4.56245792]	-0.7799309090081392	0.5423922538757324	19	0	0
19	Par1_dcm/DRR.270.png	Par1_dcm/CR.270.png	ANTSNeighborhoodCorrelation	[ 0.00549262 -0.55587091 -0.89937442]	-0.7779043286247281	16.319839477539062	21	0	0
20	Par1_dcm/DRR.270.png	Par1_dcm/CR.270.png	JointHistogramMutualInformation	[-0.00668681 -0.82329806 -0.23808871]	-0.6540290825466303	1.3601365089416504	19	0	0
21	Par1_dcm/DRR.270.png	Par1_dcm/CR.270.png	MattesMutualInformation	[-0.00451016  4.25536628 -2.78440375]	-0.5319344204811262	0.5773022174835205	20	0	0
22	Par1_dcm/DRR.270.png	Par1_dcm/CR.270.png	Correlation	[-1.79183461e-02 -2.15023050e+01  7.07985874e+00]	-0.6654945617259138	0.6833178997039795	19	0	0
23	Par1_dcm/DRR.270.png	Par1_dcm/CR.270.png	ANTSNeighborhoodCorrelation	[-8.47730909e-03 -8.64382606e+00  1.45514674e+00]	-0.7736371612198665	18.38658046722412	19	0	0
24	Par1_dcm/DRR.270.png	Par1_dcm/CR.270.png	JointHistogramMutualInformation	[-0.00471145 -0.72354821  1.10466985]	-0.6489925459001419	1.195998191833496	19	0	0
25	Par1_dcm/DRR.270.png	Par1_dcm/CR.270.png	MattesMutualInformation	[-1.80496395e-03  2.66303173e+00 -1.63857543e+00]	-0.5373235464850542	0.641000509262085	20	0	0
26	Par1_dcm/DRR.270.png	Par1_dcm/CR.270.png	Correlation	[-0.0101845  -0.45128203 -1.73857824]	-0.792403231186628	1.2305974960327148	50	0	0
27	Par1_dcm/DRR.270.png	Par1_dcm/CR.270.png	ANTSNeighborhoodCorrelation	[ 0.00489415 -3.8430554   0.23191151]	-0.7742807248497946	16.055572986602783	19	0	0
28	Par1_dcm/DRR.270.png	Par1_dcm/CR.270.png	JointHistogramMutualInformation	[-0.00927494  2.78922489  1.0426935 ]	-0.6499576969413212	1.225263595581055	19	0	0
29	Par1_dcm/DRR.270.png	Par1_dcm/CR.270.png	MattesMutualInformation	[-0.01212296  0.08955146 -3.39356313]	-0.5422880474726026	0.8079946041107178	27	0	0
30	Par1_dcm/DRR.270.png	Par1_dcm/CR.270.png	Correlation	[-0.0085789  -8.20190914  4.50819763]	-0.7562257016127509	0.770003080368042	19	0	0
31	Par1_dcm/DRR.270.png	Par1_dcm/CR.270.png	ANTSNeighborhoodCorrelation	[ 0.00463055  0.00233467 -0.69750383]	-0.7830683349943369	16.68009352684021	21	0	0
32	Par1_dcm/DRR.270.png	Par1_dcm/CR.270.png	JointHistogramMutualInformation	[ 0.01076814  0.91424042 -0.50688294]	-0.645636836755004	2.162540435791016	42	0	0
33	Par1_dcm/DRR.270.png	Par1_dcm/CR.270.png	MattesMutualInformation	[ 3.07947622e-03 -5.24418783e+00 -9.67453883e-01]	-0.5251380904021571	0.4996232986450195	19	0	0
34	Par1_dcm/DRR.270.png	Par1_dcm/CR.270.png	Correlation	[-6.85118345e-04 -1.69811037e-01 -2.76962326e+00]	-0.7864893606358743	0.7390856742858887	20	0	0
35	Par1_dcm/DRR.270.png	Par1_dcm/CR.270.png	ANTSNeighborhoodCorrelation	[ 8.72176349e-03 -9.12526559e+00  1.20282231e+01]	-0.7691292774988362	14.75785207748413	19	0	0
36	Par1_dcm/DRR.270.png	Par1_dcm/CR.270.png	JointHistogramMutualInformation	[-2.67196433e-02  4.77017807e+01 -4.21397352e+00]	-0.3691016358124195	1.350287914276123	19	0	0
37	Par1_dcm/DRR.270.png	Par1_dcm/CR.270.png	MattesMutualInformation	[-0.00880185  1.56398356 -0.54050357]	-0.541055680469714	0.4850690364837646	19	0	0
38	Par1_dcm/DRR.270.png	Par1_dcm/CR.270.png	Correlation	[-0.01158082  1.05638241 -3.35897355]	-0.7795014493816729	0.5356724262237549	19	0	0
39	Par1_dcm/DRR.270.png	Par1_dcm/CR.270.png	ANTSNeighborhoodCorrelation	[-1.40666218e-03 -1.00197491e+01  3.44551299e+00]	-0.7677480203374468	16.1848304271698	19	0	0
40	Par1_dcm/DRR.270.png	Par1_dcm/CR.270.png	JointHistogramMutualInformation	[-3.72639874e-02  4.99505633e+01 -1.22001154e+00]	-0.3630561857902584	1.2437498569488523	19	0	0
41	Par1_dcm/DRR.270.png	Par1_dcm/CR.270.png	MattesMutualInformation	[ 2.64924407e-04  5.51289278e-01 -9.03686643e-01]	-0.5433860176176454	0.8060033321380615	28	0	0
42	Par1_dcm/DRR.270.png	Par1_dcm/CR.270.png	Correlation	[-0.00829145 -2.74416854  4.50071995]	-0.7703194511092875	0.648308515548706	19	0	0
43	Par1_dcm/DRR.270.png	Par1_dcm/CR.270.png	ANTSNeighborhoodCorrelation	[ 0.00743157 -2.97150602  3.60433412]	-0.7700669064529636	14.679403066635132	19	0	0
44	Par1_dcm/DRR.270.png	Par1_dcm/CR.270.png	JointHistogramMutualInformation	[-3.38696981e-04 -4.97971613e-01 -7.80804720e-01]	-0.6522139008611691	1.3660001754760742	33	0	0
45	Par1_dcm/DRR.270.png	Par1_dcm/CR.270.png	MattesMutualInformation	[-0.00992243  4.07148241 -2.63954483]	-0.533079492240046	0.4571774005889892	20	0	0
46	Par1_dcm/DRR.270.png	Par1_dcm/CR.270.png	Correlation	[ 0.00702621 -1.30027961 -0.16400823]	-0.7888702353051738	0.5950009822845459	22	0	0
47	Par1_dcm/DRR.270.png	Par1_dcm/CR.270.png	ANTSNeighborhoodCorrelation	[ -0.01934473 -13.46642942  11.11776035]	-0.7694711113429853	13.815581560134888	19	0	0
48	Par1_dcm/DRR.270.png	Par1_dcm/CR.270.png	JointHistogramMutualInformation	[ -0.04977164 -41.60708147   2.66143969]	-0.4296405183616727	1.4965190887451172	19	0	0
49	Par1_dcm/DRR.270.png	Par1_dcm/CR.270.png	MattesMutualInformation	[-0.00840779 -0.56930073 -0.62657053]	-0.5399182956575463	0.5169594287872314	20	0	0
50	Par1_dcm/DRR.270.png	Par1_dcm/CR.270.png	Correlation	[-0.03519629 21.55795113 -8.73587075]	-0.6401765683457807	0.748929500579834	19	0	0
51	Par1_dcm/DRR.270.png	Par1_dcm/CR.270.png	ANTSNeighborhoodCorrelation	[ 0.01376705 -7.12322129  4.31985949]	-0.7672128810664156	14.068552732467651	19	0	0
52	Par1_dcm/DRR.270.png	Par1_dcm/CR.270.png	JointHistogramMutualInformation	[ -0.06109117 -55.46493629  11.2167408 ]	-0.3469194034628793	0.9934813976287842	19	0	0
53	Par1_dcm/DRR.270.png	Par1_dcm/CR.270.png	MattesMutualInformation	[-0.00686617  3.90729359 -0.63755969]	-0.5369983522235582	0.5189614295959473	31	0	0
54	Par1_dcm/DRR.270.png	Par1_dcm/CR.270.png	Correlation	[ 1.08029065e-03 -1.52352786e+00 -1.66242469e+00]	-0.791454360813439	0.7309970855712891	45	0	0
55	Par1_dcm/DRR.270.png	Par1_dcm/CR.270.png	ANTSNeighborhoodCorrelation	[-1.51714175e-03 -6.93686206e+00  2.76882455e+00]	-0.7651351538426093	14.81749701499939	19	0	0
56	Par1_dcm/DRR.270.png	Par1_dcm/CR.270.png	JointHistogramMutualInformation	[-0.01248303 -1.14564626  0.41377285]	-0.6529404580505338	1.7012224197387695	28	0	0
57	Par1_dcm/DRR.270.png	Par1_dcm/CR.270.png	MattesMutualInformation	[-0.00289077  0.32411604  0.7482511 ]	-0.5385632989429308	0.8020007610321045	38	0	0
58	Par1_dcm/DRR.270.png	Par1_dcm/CR.270.png	Correlation	[-0.0060888   4.61071037 -1.88688371]	-0.7737740950599576	0.5282871723175049	19	0	0
59	Par1_dcm/DRR.270.png	Par1_dcm/CR.270.png	ANTSNeighborhoodCorrelation	[ 0.00661902 -1.46078433 -0.35495531]	-0.7801319384670448	15.785057783126833	21	0	0
60	Par1_dcm/DRR.270.png	Par1_dcm/CR.270.png	JointHistogramMutualInformation	[-2.58890488e-02  3.62414200e+01 -2.50192944e+01]	-0.3927795794188356	1.1329457759857178	19	0	0
61	Par1_dcm/DRR.270.png	Par1_dcm/CR.270.png	MattesMutualInformation	[-0.01578683 -0.25208126 -0.39976231]	-0.5406146345877617	0.4889936447143554	20	0	0
62	Par1_dcm/DRR.270.png	Par1_dcm/CR.270.png	Correlation	[-0.0058672  -1.54015146  0.07876815]	-0.790861455157812	0.6159045696258545	19	0	0
63	Par1_dcm/DRR.270.png	Par1_dcm/CR.270.png	ANTSNeighborhoodCorrelation	[-3.38140457e-03  1.25940546e+01  1.40394896e+01]	-0.7667576020048502	17.49730610847473	20	0	0
64	Par1_dcm/DRR.270.png	Par1_dcm/CR.270.png	JointHistogramMutualInformation	[ -0.06169156  38.56896597 -11.66754272]	-0.411568468989322	1.484339475631714	19	0	0
65	Par1_dcm/DRR.270.png	Par1_dcm/CR.270.png	MattesMutualInformation	[-0.00718297 -4.2178391   1.2693178 ]	-0.5274285039032641	0.4427697658538818	19	0	0
66	Par1_dcm/DRR.270.png	Par1_dcm/CR.270.png	Correlation	[-0.00636078 -2.73174711 -2.14011196]	-0.7866003644678065	0.4889943599700928	19	0	0
67	Par1_dcm/DRR.270.png	Par1_dcm/CR.270.png	ANTSNeighborhoodCorrelation	[ 0.02408237 -4.25671131  3.85628467]	-0.7670694006733075	14.409506797790527	19	0	0
68	Par1_dcm/DRR.270.png	Par1_dcm/CR.270.png	JointHistogramMutualInformation	[-3.44302316e-02 -5.66439932e+01  1.24060389e+01]	-0.3290957246323329	1.208670139312744	19	0	0
69	Par1_dcm/DRR.270.png	Par1_dcm/CR.270.png	MattesMutualInformation	[-0.00805154  0.75316015 -1.18583643]	-0.5435797802050126	0.5399911403656006	24	0	0
70	Par1_dcm/DRR.270.png	Par1_dcm/CR.270.png	Correlation	[-1.16149203e-03  6.82104743e-01 -6.67019341e+00]	-0.774331194152993	0.6946697235107422	19	0	0
71	Par1_dcm/DRR.270.png	Par1_dcm/CR.270.png	ANTSNeighborhoodCorrelation	[-4.21289413e-03 -1.23696833e+01  1.24090742e+01]	-0.7711394431166071	28.62093997001648	48	0	0
72	Par1_dcm/DRR.270.png	Par1_dcm/CR.270.png	JointHistogramMutualInformation	[-0.00695746 -3.11218952 -0.78099309]	-0.645961380278064	1.3814945220947266	19	0	0
73	Par1_dcm/DRR.270.png	Par1_dcm/CR.270.png	MattesMutualInformation	[-0.00593955  0.48467202  0.45076211]	-0.5425820491827347	0.4867892265319824	22	0	0
74	Par1_dcm/DRR.270.png	Par1_dcm/CR.270.png	Correlation	[-0.0105683   5.40928073  0.05289033]	-0.7683461008281326	0.5309991836547852	19	0	0
75	Par1_dcm/DRR.270.png	Par1_dcm/CR.270.png	ANTSNeighborhoodCorrelation	[ 0.00967699 -8.5554506   0.37346121]	-0.7718234577714487	17.70745587348938	19	0	0
76	Par1_dcm/DRR.270.png	Par1_dcm/CR.270.png	JointHistogramMutualInformation	[-0.02579852  0.32056854 -0.59566261]	-0.6542196316742204	1.4579732418060305	19	0	0
77	Par1_dcm/DRR.270.png	Par1_dcm/CR.270.png	MattesMutualInformation	[-0.0082407  -1.60396613 -1.0936526 ]	-0.5421417210279896	0.4879946708679199	19	0	0
78	Par1_dcm/DRR.270.png	Par1_dcm/CR.270.png	Correlation	[-0.0075007  -3.39217133  1.26207224]	-0.7815203399914948	0.8322422504425049	32	0	0
79	Par1_dcm/DRR.270.png	Par1_dcm/CR.270.png	ANTSNeighborhoodCorrelation	[ 0.02958711 -5.19333797  1.64843155]	-0.773139072686038	14.884124040603638	19	0	0
80	Par1_dcm/DRR.270.png	Par1_dcm/CR.270.png	JointHistogramMutualInformation	[-1.52496515e-03  1.85981109e+00  9.06540247e-02]	-0.6459998313301561	0.9450526237487792	20	0	0
81	Par1_dcm/DRR.270.png	Par1_dcm/CR.270.png	MattesMutualInformation	[-0.00926052  3.31791601 -0.47547084]	-0.5408899450826011	0.5850884914398193	27	0	0
82	Par1_dcm/DRR.270.png	Par1_dcm/CR.270.png	Correlation	[-0.01017788 -2.35725616  2.93043236]	-0.7754374814753884	0.4233224391937256	19	0	0
83	Par1_dcm/DRR.270.png	Par1_dcm/CR.270.png	ANTSNeighborhoodCorrelation	[ 0.00239174 -0.81838133 -0.2740371 ]	-0.7786104044514999	20.559743404388428	32	0	0
84	Par1_dcm/DRR.270.png	Par1_dcm/CR.270.png	JointHistogramMutualInformation	[-0.00423309  0.67782907 -0.5655075 ]	-0.6480064434055625	1.244065761566162	26	0	0
85	Par1_dcm/DRR.270.png	Par1_dcm/CR.270.png	MattesMutualInformation	[-4.42615684e-03 -4.93626845e+00  6.08139616e-01]	-0.5306491664753691	0.4249932765960693	19	0	0
86	Par1_dcm/DRR.270.png	Par1_dcm/CR.270.png	Correlation	[ -0.0167071  -12.85644316   0.27987611]	-0.7383390900209122	0.5819997787475586	19	0	0
87	Par1_dcm/DRR.270.png	Par1_dcm/CR.270.png	ANTSNeighborhoodCorrelation	[ 0.00935482 -6.90482924 -0.04823149]	-0.7699801391955579	12.908904314041138	19	0	0
88	Par1_dcm/DRR.270.png	Par1_dcm/CR.270.png	JointHistogramMutualInformation	[ 1.43239736e-03 -3.09869904e+00 -1.06165652e+00]	-0.6458992411210779	0.9967055320739746	21	0	0
89	Par1_dcm/DRR.270.png	Par1_dcm/CR.270.png	MattesMutualInformation	[-0.00776092 -1.05684001 -0.59764456]	-0.5430460717432979	0.422001838684082	19	0	0
90	Par1_dcm/DRR.270.png	Par1_dcm/CR.270.png	Correlation	[-1.49058418e-03  2.42988747e+01 -2.34446271e+01]	-0.5521808654771704	0.4071269035339355	19	0	0
91	Par1_dcm/DRR.270.png	Par1_dcm/CR.270.png	ANTSNeighborhoodCorrelation	[-3.25079344e-03  3.90208789e-01  6.49642332e+00]	-0.7715973520466728	15.52937126159668	19	0	0
92	Par1_dcm/DRR.270.png	Par1_dcm/CR.270.png	JointHistogramMutualInformation	[-0.01016077  1.49855113  0.3222489 ]	-0.654169619798761	1.234297513961792	24	0	0
93	Par1_dcm/DRR.270.png	Par1_dcm/CR.270.png	MattesMutualInformation	[-0.01181662  5.68906808 -3.32905246]	-0.5207580995313085	0.4409945011138916	19	0	0
94	Par1_dcm/DRR.270.png	Par1_dcm/CR.270.png	Correlation	[-0.00299981 -0.77590817  1.36639496]	-0.7809547275595347	0.4405832290649414	19	0	0
95	Par1_dcm/DRR.270.png	Par1_dcm/CR.270.png	ANTSNeighborhoodCorrelation	[ 6.26261351e-03 -8.87383957e+00  2.99655390e+00]	-0.7741983631293771	13.738898754119871	19	0	0
96	Par1_dcm/DRR.270.png	Par1_dcm/CR.270.png	JointHistogramMutualInformation	[-0.04255831 37.69607457  0.93358057]	-0.441226610493185	1.1139166355133057	19	0	0
97	Par1_dcm/DRR.270.png	Par1_dcm/CR.270.png	MattesMutualInformation	[-0.01385141  2.12221126 -1.91237654]	-0.5395146468253972	0.4068632125854492	20	0	0
98	Par1_dcm/DRR.270.png	Par1_dcm/CR.270.png	Correlation	[-0.0126462  -5.85791236  2.50168174]	-0.7688184062842786	0.4480020999908447	19	0	0
99	Par1_dcm/DRR.270.png	Par1_dcm/CR.270.png	ANTSNeighborhoodCorrelation	[ 0.00419867 -1.56150532 -1.40880123]	-0.7778740161099891	14.679234266281128	21	0	0
100	Par1_dcm/DRR.270.png	Par1_dcm/CR.270.png	JointHistogramMutualInformation	[-4.42474771e-02 -6.41278113e+00 -6.36673617e+01]	-0.4053845475534782	1.4270105361938477	19	0	0
101	Par1_dcm/DRR.270.png	Par1_dcm/CR.270.png	MattesMutualInformation	[-0.01099032  2.39577662 -0.20015147]	-0.5402648573240164	0.392810583114624	21	0	0
102	Par1_dcm/DRR.270.png	Par1_dcm/CR.270.png	Correlation	[-0.0041522  -1.050896    0.24321199]	-0.7866036812059889	0.4960000514984131	26	0	0
103	Par1_dcm/DRR.270.png	Par1_dcm/CR.270.png	ANTSNeighborhoodCorrelation	[ 0.00454641 -3.8551322   0.56987309]	-0.7698946042735162	13.922902822494509	19	0	0
104	Par1_dcm/DRR.270.png	Par1_dcm/CR.270.png	JointHistogramMutualInformation	[-3.21493128e-02 -5.02137604e+01  1.83171069e+00]	-0.3840157072838657	1.2554717063903809	19	0	0
105	Par1_dcm/DRR.270.png	Par1_dcm/CR.270.png	MattesMutualInformation	[-0.00543478  0.67569247  0.67715954]	-0.5453621537497219	0.4418854713439941	19	0	0
106	Par1_dcm/DRR.270.png	Par1_dcm/CR.270.png	Correlation	[-0.01416532  9.41227771 -4.16440897]	-0.745241948592405	0.590998649597168	19	0	0
107	Par1_dcm/DRR.270.png	Par1_dcm/CR.270.png	ANTSNeighborhoodCorrelation	[  0.01480394 -10.04651254  -1.33901002]	-0.7691729504847414	13.244563341140749	19	0	0
108	Par1_dcm/DRR.270.png	Par1_dcm/CR.270.png	JointHistogramMutualInformation	[-0.00475115  0.62174079  1.79239864]	-0.6530649361507238	1.15476655960083	19	0	0
109	Par1_dcm/DRR.270.png	Par1_dcm/CR.270.png	MattesMutualInformation	[-0.01071878  2.05280448 -0.60576857]	-0.5419906048645536	0.4092133045196533	20	0	0
110	Par1_dcm/DRR.270.png	Par1_dcm/CR.270.png	Correlation	[-6.89443570e-03  6.23112813e+00 -1.54195897e+01]	-0.7268620835506496	0.4469971656799316	19	0	0
111	Par1_dcm/DRR.270.png	Par1_dcm/CR.270.png	ANTSNeighborhoodCorrelation	[ 0.00542084 -3.36886896  1.15226907]	-0.7727416715502875	14.433207988739014	19	0	0
112	Par1_dcm/DRR.270.png	Par1_dcm/CR.270.png	JointHistogramMutualInformation	[-0.00887803 -2.70405124 -1.92713332]	-0.6482734379640644	1.3866889476776123	19	0	0
113	Par1_dcm/DRR.270.png	Par1_dcm/CR.270.png	MattesMutualInformation	[-4.52204202e-03 -5.37632981e+00  3.80142342e+00]	-0.5190369861199414	0.4179022312164306	19	0	0
114	Par1_dcm/DRR.270.png	Par1_dcm/CR.270.png	Correlation	[-0.00701343  2.47929824 -2.56864232]	-0.7796344363542614	0.7099995613098145	27	0	0
115	Par1_dcm/DRR.270.png	Par1_dcm/CR.270.png	ANTSNeighborhoodCorrelation	[-5.50349984e-03 -1.00818371e+01  1.56609097e+00]	-0.7697875531030176	21.48525977134705	37	0	0
116	Par1_dcm/DRR.270.png	Par1_dcm/CR.270.png	JointHistogramMutualInformation	[-0.00756246 -0.70214252 -1.0068938 ]	-0.6509588314608624	1.132603645324707	21	0	0
117	Par1_dcm/DRR.270.png	Par1_dcm/CR.270.png	MattesMutualInformation	[-2.36632847e-03  3.27045833e+00  4.04223477e-01]	-0.5404329187352338	0.5934159755706787	27	0	0
118	Par1_dcm/DRR.270.png	Par1_dcm/CR.270.png	Correlation	[-0.01114694  0.99725963 -3.95259132]	-0.7841531870411435	0.7070014476776123	19	0	0
119	Par1_dcm/DRR.270.png	Par1_dcm/CR.270.png	ANTSNeighborhoodCorrelation	[ 0.01519435 -8.55067835 -1.61027001]	-0.7746863880606208	13.22098159790039	19	0	0
120	Par1_dcm/DRR.270.png	Par1_dcm/CR.270.png	JointHistogramMutualInformation	[-0.01129499  1.33922173 -2.82396487]	-0.6583459189879651	1.966038942337036	19	0	0
121	Par1_dcm/DRR.270.png	Par1_dcm/CR.270.png	MattesMutualInformation	[-0.01163893  1.71019496 -0.23290473]	-0.5486531125360494	0.890995979309082	25	0	0
122	Par1_dcm/DRR.270.png	Par1_dcm/CR.270.png	Correlation	[-0.00550828 -0.48429783 -1.11367292]	-0.7857700047692806	1.2360024452209473	36	0	0
123	Par1_dcm/DRR.270.png	Par1_dcm/CR.270.png	ANTSNeighborhoodCorrelation	[-1.07475193e-02 -9.52034459e+00  1.48799603e+01]	-0.7683257850304616	20.61437726020813	25	0	0
124	Par1_dcm/DRR.270.png	Par1_dcm/CR.270.png	JointHistogramMutualInformation	[-0.01075784 -0.03898596 -0.62554468]	-0.6517835573035564	1.3248136043548584	27	0	0
125	Par1_dcm/DRR.270.png	Par1_dcm/CR.270.png	MattesMutualInformation	[-0.01154054  1.34958888 -2.43972795]	-0.5402128239594597	0.6969938278198242	26	0	0
126	Par1_dcm/DRR.270.png	Par1_dcm/CR.270.png	Correlation	[ 1.23165965e-03 -1.40490405e+00 -1.86324539e+00]	-0.7902858679015954	0.5949962139129639	22	0	0
127	Par1_dcm/DRR.270.png	Par1_dcm/CR.270.png	ANTSNeighborhoodCorrelation	[ 7.59729016e-03 -8.33875941e+00  2.79750059e+00]	-0.7700867714546648	13.98914670944214	19	0	0
128	Par1_dcm/DRR.270.png	Par1_dcm/CR.270.png	JointHistogramMutualInformation	[-0.01800279 -0.02715744  0.28250525]	-0.6528211951416646	1.4029481410980225	25	0	0
129	Par1_dcm/DRR.270.png	Par1_dcm/CR.270.png	MattesMutualInformation	[-0.0071319  -0.64454008 -0.5367753 ]	-0.5427298780212402	0.4492273330688476	20	0	0
130	Par1_dcm/DRR.270.png	Par1_dcm/CR.270.png	Correlation	[-0.01500196 11.82029842 -2.81667571]	-0.7351920317774497	0.5143733024597168	19	0	0
131	Par1_dcm/DRR.270.png	Par1_dcm/CR.270.png	ANTSNeighborhoodCorrelation	[ 1.02085902e-02 -9.25609081e+00  1.15276666e+01]	-0.7689982715948139	13.448152542114258	19	0	0
132	Par1_dcm/DRR.270.png	Par1_dcm/CR.270.png	JointHistogramMutualInformation	[-0.00806195  2.47029579 -2.45651254]	-0.6499392308016332	1.4876925945281982	19	0	0
133	Par1_dcm/DRR.270.png	Par1_dcm/CR.270.png	MattesMutualInformation	[-0.01426898  1.25419976 -0.68045448]	-0.5405600253688655	0.5040044784545898	19	0	0
134	Par1_dcm/DRR.270.png	Par1_dcm/CR.270.png	Correlation	[-1.53374926e-02 -2.28963440e+01  4.49453333e+00]	-0.6627194163268624	0.471184492111206	19	0	0
135	Par1_dcm/DRR.270.png	Par1_dcm/CR.270.png	ANTSNeighborhoodCorrelation	[-4.59316934e-03 -7.02276029e+00  3.14782227e+00]	-0.7712363118741394	13.456158638000488	19	0	0
136	Par1_dcm/DRR.270.png	Par1_dcm/CR.270.png	JointHistogramMutualInformation	[-0.05614854 -4.05859604  0.29021496]	-0.6512347336269829	1.3102693557739258	19	0	0
137	Par1_dcm/DRR.270.png	Par1_dcm/CR.270.png	MattesMutualInformation	[-2.85691508e-03 -2.44250816e+00  3.65386332e+00]	-0.5323325053364312	0.3883416652679443	19	0	0
138	Par1_dcm/DRR.270.png	Par1_dcm/CR.270.png	Correlation	[-0.01212524 -3.67435975  2.18934815]	-0.7811365939899908	0.4917223453521728	19	0	0
139	Par1_dcm/DRR.270.png	Par1_dcm/CR.270.png	ANTSNeighborhoodCorrelation	[ 0.00416698  0.24185265 -1.4439134 ]	-0.7786319413774513	14.854310035705566	20	0	0
140	Par1_dcm/DRR.270.png	Par1_dcm/CR.270.png	JointHistogramMutualInformation	[-0.02854561  1.4595711  -1.98976692]	-0.6529074669910586	1.1344823837280271	19	0	0
141	Par1_dcm/DRR.270.png	Par1_dcm/CR.270.png	MattesMutualInformation	[-0.01274892 11.14005239  0.5775788 ]	-0.4923554229686605	0.4038710594177246	19	0	0
142	Par1_dcm/DRR.270.png	Par1_dcm/CR.270.png	Correlation	[-0.00588097  5.19462478 -2.82911856]	-0.7712002164435608	0.6227340698242188	19	0	0
143	Par1_dcm/DRR.270.png	Par1_dcm/CR.270.png	ANTSNeighborhoodCorrelation	[-3.93981900e-03 -1.00692174e+01  1.53441013e+00]	-0.7724538499614128	14.13098645210266	19	0	0
144	Par1_dcm/DRR.270.png	Par1_dcm/CR.270.png	JointHistogramMutualInformation	[ 0.00179422 -0.66592027  0.21243106]	-0.6518613639325285	1.0942566394805908	19	0	0
145	Par1_dcm/DRR.270.png	Par1_dcm/CR.270.png	MattesMutualInformation	[-0.00666988 -0.01587791  0.94881432]	-0.5365639304485205	0.4696779251098633	19	0	0
146	Par1_dcm/DRR.270.png	Par1_dcm/CR.270.png	Correlation	[-0.00392553  0.81743957 -2.95315325]	-0.7801613153862127	0.5636858940124512	19	0	0
147	Par1_dcm/DRR.270.png	Par1_dcm/CR.270.png	ANTSNeighborhoodCorrelation	[-5.87794429e-03 -1.05752780e+01  3.04395585e+00]	-0.7710478474250516	13.434655904769896	19	0	0
148	Par1_dcm/DRR.270.png	Par1_dcm/CR.270.png	JointHistogramMutualInformation	[ -0.0604473  -24.638588     0.76154161]	-0.5418937202122086	0.91619873046875	19	0	0
149	Par1_dcm/DRR.270.png	Par1_dcm/CR.270.png	MattesMutualInformation	[-0.00832745  0.24581644 -0.54756066]	-0.5428108830517365	0.4495992660522461	24	0	0
150	Par1_dcm/DRR.270.png	Par1_dcm/CR.270.png	Correlation	[-0.00288016 -1.31274048 -1.61759893]	-0.785721036395464	0.6567163467407227	26	0	0
151	Par1_dcm/DRR.270.png	Par1_dcm/CR.270.png	ANTSNeighborhoodCorrelation	[ 0.00657547 -4.02966045  3.59724157]	-0.7667016636662064	16.139184713363647	19	0	0
152	Par1_dcm/DRR.270.png	Par1_dcm/CR.270.png	JointHistogramMutualInformation	[ -0.05596818 -40.71233258  11.2574549 ]	-0.4185953376483105	1.2680268287658691	19	0	0
153	Par1_dcm/DRR.270.png	Par1_dcm/CR.270.png	MattesMutualInformation	[-0.01164697  0.23482352 -0.33725499]	-0.5398929018214018	0.5609102249145508	37	0	0
154	Par1_dcm/DRR.270.png	Par1_dcm/CR.270.png	Correlation	[-0.01352983  0.63148178  6.15942484]	-0.7656773942428639	0.5512070655822754	19	0	0
155	Par1_dcm/DRR.270.png	Par1_dcm/CR.270.png	ANTSNeighborhoodCorrelation	[-3.58462691e-03 -6.41490282e+00  1.29068081e+01]	-0.767048383581305	13.719257593154907	19	0	0
156	Par1_dcm/DRR.270.png	Par1_dcm/CR.270.png	JointHistogramMutualInformation	[ -0.05466732 -36.73631462   3.17817363]	-0.4603569853070409	1.2592201232910156	19	0	0
157	Par1_dcm/DRR.270.png	Par1_dcm/CR.270.png	MattesMutualInformation	[-0.00528932  5.21965905 -2.96735412]	-0.529540767827844	0.4875788688659668	22	0	0
158	Par1_dcm/DRR.270.png	Par1_dcm/CR.270.png	Correlation	[-2.01079774e-03 -3.07319095e+00  1.31562175e+00]	-0.783056853062559	0.4509835243225097	19	0	0
159	Par1_dcm/DRR.270.png	Par1_dcm/CR.270.png	ANTSNeighborhoodCorrelation	[-5.01342100e-03 -7.72762380e+00  2.09261994e+00]	-0.7688584308780098	12.517599821090698	19	0	0
160	Par1_dcm/DRR.270.png	Par1_dcm/CR.270.png	JointHistogramMutualInformation	[ -0.06323563  31.89880128 -15.9593002 ]	-0.4383250463342639	1.0020935535430908	19	0	0
161	Par1_dcm/DRR.270.png	Par1_dcm/CR.270.png	MattesMutualInformation	[-0.00997226  2.71889136 -1.56526443]	-0.5423312368070382	0.3926568031311035	23	0	0
162	Par1_dcm/DRR.270.png	Par1_dcm/CR.270.png	Correlation	[-4.56606234e-03  2.89141704e+01 -2.52803394e+01]	-0.500149076365118	0.4779431819915771	19	0	0
163	Par1_dcm/DRR.270.png	Par1_dcm/CR.270.png	ANTSNeighborhoodCorrelation	[ 0.00592019 -0.94499895  0.01761729]	-0.780546046491384	26.981883764266968	47	0	0
164	Par1_dcm/DRR.270.png	Par1_dcm/CR.270.png	JointHistogramMutualInformation	[-0.00804583 -0.56294923 -0.73268099]	-0.654267591953638	0.984732151031494	21	0	0
165	Par1_dcm/DRR.270.png	Par1_dcm/CR.270.png	MattesMutualInformation	[-0.00211181  0.74487341 -0.12903019]	-0.5426161908052439	0.3643076419830322	20	0	0
166	Par1_dcm/DRR.270.png	Par1_dcm/CR.270.png	Correlation	[-8.77647194e-03  1.89798888e+01 -1.40868829e+01]	-0.637596498804671	0.5581490993499756	19	0	0
167	Par1_dcm/DRR.270.png	Par1_dcm/CR.270.png	ANTSNeighborhoodCorrelation	[ 1.51255867e-03 -8.80522407e+00  2.40946890e+00]	-0.7733416136203954	15.889010906219482	19	0	0
168	Par1_dcm/DRR.270.png	Par1_dcm/CR.270.png	JointHistogramMutualInformation	[ -0.0246494  -16.77458527   8.44517824]	-0.5816038969883499	0.8607656955718994	19	0	0
169	Par1_dcm/DRR.270.png	Par1_dcm/CR.270.png	MattesMutualInformation	[-4.93893809e-04  1.78978127e+01 -3.31190773e+00]	-0.4560670593581865	0.4827940464019775	19	0	0
170	Par1_dcm/DRR.270.png	Par1_dcm/CR.270.png	Correlation	[-0.01022062 -0.51850483 -3.95627044]	-0.7809645871757352	0.5925190448760986	19	0	0
171	Par1_dcm/DRR.270.png	Par1_dcm/CR.270.png	ANTSNeighborhoodCorrelation	[-9.00660429e-03 -9.68250324e+00  1.32695495e+01]	-0.7722689404446499	17.544482707977295	27	0	0
172	Par1_dcm/DRR.270.png	Par1_dcm/CR.270.png	JointHistogramMutualInformation	[ -0.05002697 -40.94560155  19.33042209]	-0.3983855981172371	1.384326696395874	19	0	0
173	Par1_dcm/DRR.270.png	Par1_dcm/CR.270.png	MattesMutualInformation	[-0.01057588 -2.51080283 -0.35474955]	-0.5374015793867739	0.5351026058197021	21	0	0
174	Par1_dcm/DRR.270.png	Par1_dcm/CR.270.png	Correlation	[-0.006703   -0.92791725 -1.75717909]	-0.7852849940769763	0.7987091541290283	21	0	0
175	Par1_dcm/DRR.270.png	Par1_dcm/CR.270.png	ANTSNeighborhoodCorrelation	[ 1.34888111e-02 -2.79684981e+00  1.42895414e+01]	-0.7679736726007876	14.239725589752195	19	0	0
176	Par1_dcm/DRR.270.png	Par1_dcm/CR.270.png	JointHistogramMutualInformation	[-1.96603006e-02 -5.44806881e+01  2.64951837e-01]	-0.3530566652497508	1.1267039775848389	19	0	0
177	Par1_dcm/DRR.270.png	Par1_dcm/CR.270.png	MattesMutualInformation	[-0.01092573  1.42488014 -1.52018328]	-0.545998730133416	0.5922846794128418	31	0	0
178	Par1_dcm/DRR.270.png	Par1_dcm/CR.270.png	Correlation	[-1.27218901e-03 -1.71042022e+00  5.40484597e-02]	-0.7892020639072785	0.4143261909484863	19	0	0
179	Par1_dcm/DRR.270.png	Par1_dcm/CR.270.png	ANTSNeighborhoodCorrelation	[ -0.01648371 -11.27080933   2.78214227]	-0.7707736787045878	12.559820413589478	19	0	0
180	Par1_dcm/DRR.270.png	Par1_dcm/CR.270.png	JointHistogramMutualInformation	[-0.04643494 18.16397092 -5.96805931]	-0.5690546032654825	1.0649847984313965	19	0	0
181	Par1_dcm/DRR.270.png	Par1_dcm/CR.270.png	MattesMutualInformation	[-9.14830378e-03  1.02198442e+01 -4.92642540e+00]	-0.4970768008707477	0.3946273326873779	19	0	0
182	Par1_dcm/DRR.270.png	Par1_dcm/CR.270.png	Correlation	[-0.00415296  1.3985767  -3.44529475]	-0.7798564840007017	0.4167664051055908	19	0	0
183	Par1_dcm/DRR.270.png	Par1_dcm/CR.270.png	ANTSNeighborhoodCorrelation	[ 0.00650025 -2.15909536  0.86400765]	-0.7760574827313091	13.010953903198242	19	0	0
184	Par1_dcm/DRR.270.png	Par1_dcm/CR.270.png	JointHistogramMutualInformation	[-0.01705306 -1.11143967  0.38613539]	-0.6530315102711371	1.0126473903656006	19	0	0
185	Par1_dcm/DRR.270.png	Par1_dcm/CR.270.png	MattesMutualInformation	[-0.01162771  2.90285304  0.85201838]	-0.5309535353731981	0.5778183937072754	22	0	0
186	Par1_dcm/DRR.270.png	Par1_dcm/CR.270.png	Correlation	[-0.00909654 -5.07607776  5.46919612]	-0.7702092014533711	0.5845208168029785	19	0	0
187	Par1_dcm/DRR.270.png	Par1_dcm/CR.270.png	ANTSNeighborhoodCorrelation	[ 9.68155606e-03 -9.95234133e+00  1.08963252e+01]	-0.771813035363052	14.16417956352234	19	0	0
188	Par1_dcm/DRR.270.png	Par1_dcm/CR.270.png	JointHistogramMutualInformation	[-2.08695762e-02  2.50860423e+01 -9.97285369e+00]	-0.5024914883428734	1.2833397388458252	19	0	0
189	Par1_dcm/DRR.270.png	Par1_dcm/CR.270.png	MattesMutualInformation	[-0.00853023  0.1967199   1.00511458]	-0.537792526644407	0.5429911613464355	20	0	0
190	Par1_dcm/DRR.270.png	Par1_dcm/CR.270.png	Correlation	[-8.87695859e-04 -1.40141667e+00 -2.44852907e+00]	-0.7883004930561593	0.6607694625854492	27	0	0
191	Par1_dcm/DRR.270.png	Par1_dcm/CR.270.png	ANTSNeighborhoodCorrelation	[-0.01783554 -9.3315669   0.5732964 ]	-0.7690741386019975	13.70202350616455	19	0	0
192	Par1_dcm/DRR.270.png	Par1_dcm/CR.270.png	JointHistogramMutualInformation	[ -0.04736569 -40.45705369   2.19544504]	-0.4343892056524325	0.9522593021392822	19	0	0
193	Par1_dcm/DRR.270.png	Par1_dcm/CR.270.png	MattesMutualInformation	[-0.00862031  2.27102087 -0.15437359]	-0.5474453178033273	0.3870041370391845	20	0	0
194	Par1_dcm/DRR.270.png	Par1_dcm/CR.270.png	Correlation	[ 5.02568178e-04 -1.39166696e+00 -3.36614190e+00]	-0.7862162023113619	0.4889993667602539	19	0	0
195	Par1_dcm/DRR.270.png	Par1_dcm/CR.270.png	ANTSNeighborhoodCorrelation	[ 0.02966231 -5.30905567  7.42505288]	-0.7681926017490684	13.650473594665527	19	0	0
196	Par1_dcm/DRR.270.png	Par1_dcm/CR.270.png	JointHistogramMutualInformation	[-0.01155671  0.34377295 -1.36065275]	-0.6454604981033024	1.3921101093292236	40	0	0
197	Par1_dcm/DRR.270.png	Par1_dcm/CR.270.png	MattesMutualInformation	[-0.0040836   1.99838162 -1.45242752]	-0.5400916932581168	0.5253543853759766	27	0	0
198	Par1_dcm/DRR.270.png	Par1_dcm/CR.270.png	Correlation	[ -0.02172914 -10.61530813   2.92874699]	-0.7475312396343831	0.5973339080810547	19	0	0
199	Par1_dcm/DRR.270.png	Par1_dcm/CR.270.png	ANTSNeighborhoodCorrelation	[ 0.03559769 -6.90808011 12.06272656]	-0.7700342408736849	14.483697652816772	19	0	0
200	Par1_dcm/DRR.270.png	Par1_dcm/CR.270.png	JointHistogramMutualInformation	[-0.00169466 -1.22336632 -0.22010569]	-0.6575886379709012	1.0595011711120603	24	0	0
201	Par1_dcm/DRR.270.png	Par1_dcm/CR.270.png	MattesMutualInformation	[-0.00142895 -0.47535659  0.95877982]	-0.541391850447549	0.4797651767730713	20	0	0
202	Par1_dcm/DRR.270.png	Par1_dcm/CR.270.png	Correlation	[-1.18868065e-03  8.81558785e-01 -5.07422093e+00]	-0.7806110877744648	0.6130247116088867	19	0	0
203	Par1_dcm/DRR.270.png	Par1_dcm/CR.270.png	ANTSNeighborhoodCorrelation	[ 6.95270652e-03 -8.46954446e+00  2.64212363e+00]	-0.7696333485841343	13.625462532043455	19	0	0
204	Par1_dcm/DRR.270.png	Par1_dcm/CR.270.png	JointHistogramMutualInformation	[-0.00099773 -0.19525441  0.02652137]	-0.651419464463486	1.040461778640747	19	0	0
205	Par1_dcm/DRR.270.png	Par1_dcm/CR.270.png	MattesMutualInformation	[-0.00912396  4.02239746  1.46213135]	-0.5400659238898051	0.4384055137634277	20	0	0
206	Par1_dcm/DRR.270.png	Par1_dcm/CR.270.png	Correlation	[-0.00510934 -1.09669134 -1.38482077]	-0.7889489200720569	0.4610249996185303	21	0	0
207	Par1_dcm/DRR.270.png	Par1_dcm/CR.270.png	ANTSNeighborhoodCorrelation	[ 4.86579019e-03 -1.10101495e+01  1.13978424e+01]	-0.7705971954543422	13.852604627609251	19	0	0
208	Par1_dcm/DRR.270.png	Par1_dcm/CR.270.png	JointHistogramMutualInformation	[-0.00580026 -1.74992069 -0.01819137]	-0.6509821129069321	0.94398832321167	20	0	0
209	Par1_dcm/DRR.270.png	Par1_dcm/CR.270.png	MattesMutualInformation	[-0.0071475  -4.10935976 -2.08923639]	-0.5315602501752293	0.4184420108795166	19	0	0
210	Par1_dcm/DRR.270.png	Par1_dcm/CR.270.png	Correlation	[-1.50324105e-02 -4.00592226e+01  5.54906629e+00]	-0.5238164633157333	0.7032248973846436	19	0	0
211	Par1_dcm/DRR.270.png	Par1_dcm/CR.270.png	ANTSNeighborhoodCorrelation	[-5.60574297e-03 -1.10103562e+01  4.83657703e+00]	-0.7744478086430923	20.412608861923218	23	0	0
212	Par1_dcm/DRR.270.png	Par1_dcm/CR.270.png	JointHistogramMutualInformation	[ -0.04405261 -27.91504965   7.45546028]	-0.505256947010195	1.345534324645996	19	0	0
213	Par1_dcm/DRR.270.png	Par1_dcm/CR.270.png	MattesMutualInformation	[-4.51069243e-04  2.35533507e-01 -8.98726017e-01]	-0.5396406434257004	0.5060031414031982	30	0	0
214	Par1_dcm/DRR.270.png	Par1_dcm/CR.270.png	Correlation	[-0.00734815 -5.79026192 -4.67190326]	-0.7721652134718111	0.4900262355804443	19	0	0
215	Par1_dcm/DRR.270.png	Par1_dcm/CR.270.png	ANTSNeighborhoodCorrelation	[ 0.00674242 -2.85031483 -0.8965948 ]	-0.775805913078826	14.994998693466188	20	0	0
216	Par1_dcm/DRR.270.png	Par1_dcm/CR.270.png	JointHistogramMutualInformation	[-0.07083065 31.60308443 -6.6382939 ]	-0.4631718964817529	1.3304927349090576	19	0	0
217	Par1_dcm/DRR.270.png	Par1_dcm/CR.270.png	MattesMutualInformation	[-0.00736625  2.70263514 -0.90783816]	-0.5393569749265966	0.6989927291870117	24	0	0
218	Par1_dcm/DRR.270.png	Par1_dcm/CR.270.png	Correlation	[-0.00462011 -2.10508615 -1.71505241]	-0.7891370228667502	0.9048590660095216	23	0	0
219	Par1_dcm/DRR.270.png	Par1_dcm/CR.270.png	ANTSNeighborhoodCorrelation	[-8.73973141e-04 -7.80683370e+00  1.47078229e+00]	-0.7747412928390207	15.734977960586548	19	0	0
220	Par1_dcm/DRR.270.png	Par1_dcm/CR.270.png	JointHistogramMutualInformation	[-0.01456328  0.35985005  2.14756743]	-0.6508684260217005	1.460998773574829	19	0	0
221	Par1_dcm/DRR.270.png	Par1_dcm/CR.270.png	MattesMutualInformation	[-0.01619418  7.88390319 -5.00176758]	-0.5106396434557948	0.5709996223449707	19	0	0
222	Par1_dcm/DRR.270.png	Par1_dcm/CR.270.png	Correlation	[-0.00493668  1.33061482 -3.31963673]	-0.7868853880822044	0.9462220668792723	40	0	0
223	Par1_dcm/DRR.270.png	Par1_dcm/CR.270.png	ANTSNeighborhoodCorrelation	[ 0.01328818 -7.84310135  3.16020349]	-0.773841499155236	13.89535665512085	19	0	0
224	Par1_dcm/DRR.270.png	Par1_dcm/CR.270.png	JointHistogramMutualInformation	[-0.02398394 -3.86568866 -1.41599475]	-0.6520937823936809	1.3172545433044434	19	0	0
225	Par1_dcm/DRR.270.png	Par1_dcm/CR.270.png	MattesMutualInformation	[-0.0090896  -2.02273628 -1.71855552]	-0.5340632176491424	0.4228162765502929	19	0	0
226	Par1_dcm/DRR.270.png	Par1_dcm/CR.270.png	Correlation	[ 1.81622479e-03 -9.31086443e-02  1.82488722e+00]	-0.7838112642511287	0.7522172927856445	28	0	0
227	Par1_dcm/DRR.270.png	Par1_dcm/CR.270.png	ANTSNeighborhoodCorrelation	[-0.02341688 -9.30171076  8.22666939]	-0.7684509750837829	14.013223886489868	19	0	0
228	Par1_dcm/DRR.270.png	Par1_dcm/CR.270.png	JointHistogramMutualInformation	[ -0.04741887  36.26032027 -13.51699208]	-0.4267129521425581	1.3928370475769043	19	0	0
229	Par1_dcm/DRR.270.png	Par1_dcm/CR.270.png	MattesMutualInformation	[-0.00795719  3.98654409  0.43660426]	-0.5341787474118108	0.5196373462677002	29	0	0
230	Par1_dcm/DRR.270.png	Par1_dcm/CR.270.png	Correlation	[-0.00596938 -3.83496958  0.25077385]	-0.7839725504174448	0.4850599765777588	19	0	0
231	Par1_dcm/DRR.270.png	Par1_dcm/CR.270.png	ANTSNeighborhoodCorrelation	[-7.40145894e-03 -9.95430093e+00  2.76683584e+00]	-0.7704430633068522	14.239192485809326	19	0	0
232	Par1_dcm/DRR.270.png	Par1_dcm/CR.270.png	JointHistogramMutualInformation	[-0.02348266 21.73919729 -6.17448161]	-0.5391857334793771	0.9879975318908693	19	0	0
233	Par1_dcm/DRR.270.png	Par1_dcm/CR.270.png	MattesMutualInformation	[-0.01885908  2.16923625 -1.21948502]	-0.5417988693539401	0.525825023651123	24	0	0
234	Par1_dcm/DRR.270.png	Par1_dcm/CR.270.png	Correlation	[-0.00235733 -1.96475581  2.05383978]	-0.7811747043979751	0.5000841617584229	19	0	0
235	Par1_dcm/DRR.270.png	Par1_dcm/CR.270.png	ANTSNeighborhoodCorrelation	[ 6.43866243e-03 -8.12401976e+00  9.35634170e-01]	-0.7719367188675311	13.768856048583984	19	0	0
236	Par1_dcm/DRR.270.png	Par1_dcm/CR.270.png	JointHistogramMutualInformation	[ -0.09596568 -29.23023588   4.08598848]	-0.5054119494224483	1.097212314605713	19	0	0
237	Par1_dcm/DRR.270.png	Par1_dcm/CR.270.png	MattesMutualInformation	[-0.00738927  1.5088291   0.88632269]	-0.5427085995240428	0.588292121887207	28	0	0
238	Par1_dcm/DRR.270.png	Par1_dcm/CR.270.png	Correlation	[-0.00838382 -2.92834995 -0.10076329]	-0.7887126155327807	0.4091477394104004	19	0	0
239	Par1_dcm/DRR.270.png	Par1_dcm/CR.270.png	ANTSNeighborhoodCorrelation	[-4.89684637e-03 -1.14328346e+01  1.33359949e+01]	-0.7699840032816335	13.425751447677612	19	0	0
240	Par1_dcm/DRR.270.png	Par1_dcm/CR.270.png	JointHistogramMutualInformation	[-0.03967948  1.29420432 -2.61509172]	-0.6531489138679559	1.6163098812103271	50	0	0
241	Par1_dcm/DRR.270.png	Par1_dcm/CR.270.png	MattesMutualInformation	[-0.0056432   0.32322104 -0.90618357]	-0.539682964285004	0.4142866134643554	20	0	0
242	Par1_dcm/DRR.270.png	Par1_dcm/CR.270.png	Correlation	[-0.00922451 -1.20215411 -1.03468392]	-0.788633001188535	0.6593923568725586	22	0	0
243	Par1_dcm/DRR.270.png	Par1_dcm/CR.270.png	ANTSNeighborhoodCorrelation	[ 6.85396446e-03 -7.45890385e+00  1.81217429e+00]	-0.7739366218822171	13.572762966156006	19	0	0
244	Par1_dcm/DRR.270.png	Par1_dcm/CR.270.png	JointHistogramMutualInformation	[-0.00957307 -0.73307626 -1.35795549]	-0.653097271870961	1.2043688297271729	29	0	0
245	Par1_dcm/DRR.270.png	Par1_dcm/CR.270.png	MattesMutualInformation	[-0.00945276  1.92825852 -0.58959535]	-0.5408590318765597	0.5045130252838135	20	0	0
246	Par1_dcm/DRR.270.png	Par1_dcm/CR.270.png	Correlation	[-1.00405231e-02 -2.22289057e-01 -1.29304523e+01]	-0.749295550709547	0.4625742435455322	19	0	0
247	Par1_dcm/DRR.270.png	Par1_dcm/CR.270.png	ANTSNeighborhoodCorrelation	[ 9.50542130e-05 -9.76753934e+00  3.95848235e+00]	-0.7640859287373788	13.555311441421509	19	0	0
248	Par1_dcm/DRR.270.png	Par1_dcm/CR.270.png	JointHistogramMutualInformation	[-2.53110906e-02 -3.42807134e+01  2.02198264e+00]	-0.4755878187405288	1.3791937828063965	19	0	0
249	Par1_dcm/DRR.270.png	Par1_dcm/CR.270.png	MattesMutualInformation	[-0.00721753 -4.65933251 -6.31235454]	-0.5190403667345356	0.4529561996459961	19	0	0
250	Par1_dcm/DRR.270.png	Par1_dcm/CR.270.png	Correlation	[-2.26823498e-03 -4.13494305e-01 -5.62217315e+00]	-0.7766819839317978	0.5219957828521729	19	0	0
251	Par1_dcm/DRR.270.png	Par1_dcm/CR.270.png	ANTSNeighborhoodCorrelation	[-0.01560076 -8.91844661  2.94292251]	-0.7684704625457817	13.958720207214355	19	0	0
252	Par1_dcm/DRR.270.png	Par1_dcm/CR.270.png	JointHistogramMutualInformation	[-1.13529703e-02 -4.55753396e+01  8.44579520e+00]	-0.3922715009759085	1.3709793090820312	19	0	0
253	Par1_dcm/DRR.270.png	Par1_dcm/CR.270.png	MattesMutualInformation	[-0.00434626  3.99355039 -0.4211699 ]	-0.5321324300248544	0.4908890724182129	22	0	0
254	Par1_dcm/DRR.270.png	Par1_dcm/CR.270.png	Correlation	[-0.02213069 10.28038772 -1.84232556]	-0.7426429719913472	0.4963960647583008	19	0	0
255	Par1_dcm/DRR.270.png	Par1_dcm/CR.270.png	ANTSNeighborhoodCorrelation	[-2.70600754e-03 -8.98589990e+00  1.28816559e+01]	-0.7674069027460765	12.25539755821228	19	0	0
256	Par1_dcm/DRR.270.png	Par1_dcm/CR.270.png	JointHistogramMutualInformation	[-2.47058753e-02 -2.65608667e+01  5.28324495e+00]	-0.514559945609994	1.1683862209320068	19	0	0
257	Par1_dcm/DRR.270.png	Par1_dcm/CR.270.png	MattesMutualInformation	[-0.01040452 -0.49813332  2.89277341]	-0.5350266379922293	0.3456196784973144	19	0	0
258	Par1_dcm/DRR.270.png	Par1_dcm/CR.270.png	Correlation	[ 0.00438247 -1.73105368 -1.24482269]	-0.7867607473774189	0.6713235378265381	40	0	0
259	Par1_dcm/DRR.270.png	Par1_dcm/CR.270.png	ANTSNeighborhoodCorrelation	[ 0.00105484 -0.12842043  0.22004106]	-0.7789518219509141	18.7234628200531	28	0	0
260	Par1_dcm/DRR.270.png	Par1_dcm/CR.270.png	JointHistogramMutualInformation	[-0.01977325 -1.09622269 -0.06975332]	-0.65514234517793	1.0590293407440186	23	0	0
261	Par1_dcm/DRR.270.png	Par1_dcm/CR.270.png	MattesMutualInformation	[-0.00650425  2.57569647 -0.20036625]	-0.5376532471317544	0.5201094150543213	26	0	0
262	Par1_dcm/DRR.270.png	Par1_dcm/CR.270.png	Correlation	[-0.00501432 -2.23715448  1.98651107]	-0.7860939557808034	0.4039251804351806	19	0	0
263	Par1_dcm/DRR.270.png	Par1_dcm/CR.270.png	ANTSNeighborhoodCorrelation	[ 0.00960978 -8.04833253 -0.70749647]	-0.7736868772601543	13.886792421340942	19	0	0
264	Par1_dcm/DRR.270.png	Par1_dcm/CR.270.png	JointHistogramMutualInformation	[-0.00649265 -1.92317804  0.67185834]	-0.6498100509327809	1.025346279144287	20	0	0
265	Par1_dcm/DRR.270.png	Par1_dcm/CR.270.png	MattesMutualInformation	[ 4.47529197e-04  5.31994054e-01 -1.07772004e+00]	-0.5442762131537489	0.4379301071166992	20	0	0
266	Par1_dcm/DRR.270.png	Par1_dcm/CR.270.png	Correlation	[-0.00471498  1.9075485  -4.65055914]	-0.7760796562728505	0.5579771995544434	19	0	0
267	Par1_dcm/DRR.270.png	Par1_dcm/CR.270.png	ANTSNeighborhoodCorrelation	[ 1.59667330e-03 -4.11341578e+00 -4.03486047e-01]	-0.7755773088857835	15.42242980003357	20	0	0
268	Par1_dcm/DRR.270.png	Par1_dcm/CR.270.png	JointHistogramMutualInformation	[-0.0091286   0.5496586  -1.82851758]	-0.6567030833387903	1.4018902778625488	21	0	0
269	Par1_dcm/DRR.270.png	Par1_dcm/CR.270.png	MattesMutualInformation	[-0.00585785  0.59400925 -0.90119296]	-0.5458530283624948	0.3597509860992431	19	0	0
270	Par1_dcm/DRR.270.png	Par1_dcm/CR.270.png	Correlation	[-0.00660458  0.00719831 -4.94899583]	-0.7800329022492848	0.6268253326416016	19	0	0
271	Par1_dcm/DRR.270.png	Par1_dcm/CR.270.png	ANTSNeighborhoodCorrelation	[-1.27686141e-03 -8.71923851e+00  1.90030559e+00]	-0.7681496628887806	15.885532140731812	23	0	0
272	Par1_dcm/DRR.270.png	Par1_dcm/CR.270.png	JointHistogramMutualInformation	[-0.01245964 -8.32377124  0.71234963]	-0.6344215118058849	1.367154836654663	19	0	0
273	Par1_dcm/DRR.270.png	Par1_dcm/CR.270.png	MattesMutualInformation	[-0.00518484  1.65414086 -0.33946554]	-0.5370902276109439	0.4274899959564209	20	0	0
274	Par1_dcm/DRR.270.png	Par1_dcm/CR.270.png	Correlation	[-0.01007199  9.63550095  5.78705736]	-0.7438131673980064	0.5384652614593506	19	0	0
275	Par1_dcm/DRR.270.png	Par1_dcm/CR.270.png	ANTSNeighborhoodCorrelation	[ 1.35425666e-03 -7.34799169e+00  1.54545714e+00]	-0.7777810551665064	12.935932397842407	19	0	0
276	Par1_dcm/DRR.270.png	Par1_dcm/CR.270.png	JointHistogramMutualInformation	[-6.40163390e-03 -1.89280056e+01 -4.39494577e+00]	-0.5763938337535449	1.049290418624878	19	0	0
277	Par1_dcm/DRR.270.png	Par1_dcm/CR.270.png	MattesMutualInformation	[-0.01150461  3.41591655 -2.09840932]	-0.53478823810492	0.5415594577789307	26	0	0
278	Par1_dcm/DRR.270.png	Par1_dcm/CR.270.png	Correlation	[-0.00744284 -2.72597371 -4.78111895]	-0.781759143026583	0.6057276725769043	19	0	0
279	Par1_dcm/DRR.270.png	Par1_dcm/CR.270.png	ANTSNeighborhoodCorrelation	[-7.19711390e-03 -6.55923393e+00  1.58679902e+01]	-0.7668924609224302	19.26315450668335	28	0	0
280	Par1_dcm/DRR.270.png	Par1_dcm/CR.270.png	JointHistogramMutualInformation	[-0.00156536  1.24091319 -0.38275308]	-0.650049203659188	1.461522340774536	28	0	0
281	Par1_dcm/DRR.270.png	Par1_dcm/CR.270.png	MattesMutualInformation	[-0.01170785  2.31068027  0.03093158]	-0.5405240437973278	0.4191071987152099	21	0	0
282	Par1_dcm/DRR.270.png	Par1_dcm/CR.270.png	Correlation	[-5.42331962e-03 -2.19729419e+01  4.08540484e-01]	-0.674970793743802	0.5859503746032715	19	0	0
283	Par1_dcm/DRR.270.png	Par1_dcm/CR.270.png	ANTSNeighborhoodCorrelation	[ 0.00653748 -1.86101234 -0.52963476]	-0.7730173680661294	14.861994743347168	23	0	0
284	Par1_dcm/DRR.270.png	Par1_dcm/CR.270.png	JointHistogramMutualInformation	[ -0.07727664  31.80355399 -11.78668791]	-0.4619073929712876	1.055311679840088	19	0	0
285	Par1_dcm/DRR.270.png	Par1_dcm/CR.270.png	MattesMutualInformation	[-0.005465   -0.27327804  0.53385314]	-0.5410986400256897	0.4235527515411377	19	0	0
286	Par1_dcm/DRR.270.png	Par1_dcm/CR.270.png	Correlation	[-1.25800879e-02 -2.47144794e+01  1.72871458e+01]	-0.5929761041675318	0.4537630081176758	19	0	0
287	Par1_dcm/DRR.270.png	Par1_dcm/CR.270.png	ANTSNeighborhoodCorrelation	[ 0.0173582  -8.10872868  2.95355421]	-0.7703934456237549	13.15901255607605	19	0	0
288	Par1_dcm/DRR.270.png	Par1_dcm/CR.270.png	JointHistogramMutualInformation	[-0.00800869 -0.44514542  1.2133027 ]	-0.654388177455668	1.2862296104431152	19	0	0
289	Par1_dcm/DRR.270.png	Par1_dcm/CR.270.png	MattesMutualInformation	[-0.01682256  3.25603569 -1.30846581]	-0.5359971923674557	0.4890792369842529	24	0	0
290	Par1_dcm/DRR.270.png	Par1_dcm/CR.270.png	Correlation	[ -0.02536194 -15.77993681   3.82494229]	-0.7177356427094617	0.6252825260162354	19	0	0
291	Par1_dcm/DRR.270.png	Par1_dcm/CR.270.png	ANTSNeighborhoodCorrelation	[-0.01666551 -8.99429578  3.24760272]	-0.7703015388317322	14.599803924560549	19	0	0
292	Par1_dcm/DRR.270.png	Par1_dcm/CR.270.png	JointHistogramMutualInformation	[-0.00358126  0.47550846 -0.47104393]	-0.6581234911407562	1.7865169048309326	25	0	0
293	Par1_dcm/DRR.270.png	Par1_dcm/CR.270.png	MattesMutualInformation	[-0.00775545  1.20982372 -0.93847881]	-0.54259640617103	0.7653377056121826	21	0	0
294	Par1_dcm/DRR.270.png	Par1_dcm/CR.270.png	Correlation	[-0.01296638  8.62159921 -3.08269999]	-0.7563309704979283	0.5931601524353027	19	0	0
295	Par1_dcm/DRR.270.png	Par1_dcm/CR.270.png	ANTSNeighborhoodCorrelation	[ 1.69448958e-03 -8.02213472e+00  1.93356168e+00]	-0.7650210203834018	25.683294534683228	40	0	0
296	Par1_dcm/DRR.270.png	Par1_dcm/CR.270.png	JointHistogramMutualInformation	[-0.01345946  3.48775426  3.9015025 ]	-0.6486507168008975	1.3214120864868164	21	0	0
297	Par1_dcm/DRR.270.png	Par1_dcm/CR.270.png	MattesMutualInformation	[-0.00659879 -0.45347512 -1.19344719]	-0.5390363672153409	0.52500319480896	20	0	0
298	Par1_dcm/DRR.270.png	Par1_dcm/CR.270.png	Correlation	[-0.00772591  0.85900121 -1.01041395]	-0.7877381517436656	0.625748872756958	21	0	0
299	Par1_dcm/DRR.270.png	Par1_dcm/CR.270.png	ANTSNeighborhoodCorrelation	[ 0.00466101 -1.16219426 -0.17100277]	-0.7784062680670029	24.62502264976501	36	0	0
300	Par1_dcm/DRR.270.png	Par1_dcm/CR.270.png	JointHistogramMutualInformation	[-0.00804352 -0.12049482 -0.29259127]	-0.651511126773508	0.9700007438659668	19	0	0
301	Par1_dcm/DRR.270.png	Par1_dcm/CR.270.png	MattesMutualInformation	[-1.80586178e-02  1.98718301e+01 -2.08341565e+00]	-0.4439286845817166	0.4330785274505615	19	0	0
302	Par1_dcm/DRR.270.png	Par1_dcm/CR.270.png	Correlation	[-0.0032453  -0.5752325  -1.27125895]	-0.790268371415482	0.4396536350250244	20	0	0
303	Par1_dcm/DRR.270.png	Par1_dcm/CR.270.png	ANTSNeighborhoodCorrelation	[-7.10563597e-03 -1.13211965e+01  1.21624700e+01]	-0.772574281313047	13.180081367492676	20	0	0
304	Par1_dcm/DRR.270.png	Par1_dcm/CR.270.png	JointHistogramMutualInformation	[ -0.06611491  18.72035251 -15.49043079]	-0.5354834710594896	1.1896257400512695	19	0	0
305	Par1_dcm/DRR.270.png	Par1_dcm/CR.270.png	MattesMutualInformation	[-0.01056603 -3.94459637  0.07133779]	-0.5308544077821609	0.5914273262023926	30	0	0
306	Par1_dcm/DRR.270.png	Par1_dcm/CR.270.png	Correlation	[-0.00405014  0.90977725 -0.65400093]	-0.7889495215883164	0.6869974136352539	26	0	0
307	Par1_dcm/DRR.270.png	Par1_dcm/CR.270.png	ANTSNeighborhoodCorrelation	[ 0.00424707 -2.60444494  2.01557068]	-0.7739456810590076	13.176369667053224	19	0	0
308	Par1_dcm/DRR.270.png	Par1_dcm/CR.270.png	JointHistogramMutualInformation	[-0.04134124 29.55522064 -4.63898189]	-0.4915100771910059	0.9741802215576172	19	0	0
309	Par1_dcm/DRR.270.png	Par1_dcm/CR.270.png	MattesMutualInformation	[-0.00482825  1.7152166   0.84833605]	-0.5357412884558043	0.4290001392364502	20	0	0
310	Par1_dcm/DRR.270.png	Par1_dcm/CR.270.png	Correlation	[-5.54161403e-02 -5.91737212e+01  3.53240826e+01]	-0.2477800922657303	0.5900735855102539	19	0	0
311	Par1_dcm/DRR.270.png	Par1_dcm/CR.270.png	ANTSNeighborhoodCorrelation	[ 3.16676692e-03 -3.42741397e+00  2.13510392e-01]	-0.7751886392656374	15.587042093276978	19	0	0
312	Par1_dcm/DRR.270.png	Par1_dcm/CR.270.png	JointHistogramMutualInformation	[-0.01846861 -0.62083207 -1.15792107]	-0.659876762073337	1.2418875694274902	21	0	0
313	Par1_dcm/DRR.270.png	Par1_dcm/CR.270.png	MattesMutualInformation	[-0.01169135  2.82599494 -0.5594208 ]	-0.5353974719011019	0.4429969787597656	20	0	0
314	Par1_dcm/DRR.270.png	Par1_dcm/CR.270.png	Correlation	[-0.01109775 -2.76306591 10.68825613]	-0.7489134921578325	0.7719998359680176	29	0	0
315	Par1_dcm/DRR.270.png	Par1_dcm/CR.270.png	ANTSNeighborhoodCorrelation	[ 0.00463085 -0.76763126 -0.37706608]	-0.7816070186404446	13.950909852981567	21	0	0
316	Par1_dcm/DRR.270.png	Par1_dcm/CR.270.png	JointHistogramMutualInformation	[-0.01523815  0.63512807 -0.69486647]	-0.6563525706532308	1.0293810367584229	20	0	0
317	Par1_dcm/DRR.270.png	Par1_dcm/CR.270.png	MattesMutualInformation	[-0.0036068   0.39266172 -1.82992496]	-0.5470763365205262	0.5864148139953613	30	0	0
318	Par1_dcm/DRR.270.png	Par1_dcm/CR.270.png	Correlation	[-0.00462875  2.89300563 -0.22171841]	-0.783370720843968	0.5422449111938477	19	0	0
319	Par1_dcm/DRR.270.png	Par1_dcm/CR.270.png	ANTSNeighborhoodCorrelation	[-9.01736706e-03 -9.55432763e+00  3.32264144e+00]	-0.7706179397090556	21.697953939437863	32	0	0
320	Par1_dcm/DRR.270.png	Par1_dcm/CR.270.png	JointHistogramMutualInformation	[-0.00813884  2.11048898 -0.06391598]	-0.6494460843807832	1.7421371936798096	36	0	0
321	Par1_dcm/DRR.270.png	Par1_dcm/CR.270.png	MattesMutualInformation	[-0.00277329  1.80835692 -2.30509968]	-0.5436356213368005	0.4159955978393554	19	0	0
322	Par1_dcm/DRR.270.png	Par1_dcm/CR.270.png	Correlation	[-0.01455335 -5.10735353  0.52296784]	-0.7750798078136063	0.68399977684021	19	0	0
323	Par1_dcm/DRR.270.png	Par1_dcm/CR.270.png	ANTSNeighborhoodCorrelation	[ 0.00334981 -2.31398568 -0.74898667]	-0.781469261444745	14.340660572052002	20	0	0
324	Par1_dcm/DRR.270.png	Par1_dcm/CR.270.png	JointHistogramMutualInformation	[-0.01784814  8.51938186 -0.99817924]	-0.6328293026483011	1.0798099040985107	19	0	0
325	Par1_dcm/DRR.270.png	Par1_dcm/CR.270.png	MattesMutualInformation	[-0.00417321 -1.22591337  1.61846643]	-0.5405474595566401	0.5473206043243408	19	0	0
326	Par1_dcm/DRR.270.png	Par1_dcm/CR.270.png	Correlation	[-0.01396122 -2.35968066  0.21858091]	-0.7840587753776564	0.6324002742767334	22	0	0
327	Par1_dcm/DRR.270.png	Par1_dcm/CR.270.png	ANTSNeighborhoodCorrelation	[ 0.01382276 -2.70428541 12.55308081]	-0.7674605349332185	13.570762395858765	19	0	0
328	Par1_dcm/DRR.270.png	Par1_dcm/CR.270.png	JointHistogramMutualInformation	[-0.00349593 -1.41581614 -0.16138198]	-0.6584029059296731	1.3940114974975586	42	0	0
329	Par1_dcm/DRR.270.png	Par1_dcm/CR.270.png	MattesMutualInformation	[-0.00738179  0.12138759  0.07404873]	-0.5392808566229854	0.3899972438812256	20	0	0
330	Par1_dcm/DRR.270.png	Par1_dcm/CR.270.png	Correlation	[-3.66913377e-03 -1.76166571e+00 -4.48229943e+00]	-0.7801695055510602	0.5599963665008545	19	0	0
331	Par1_dcm/DRR.270.png	Par1_dcm/CR.270.png	ANTSNeighborhoodCorrelation	[-3.38632608e-03 -7.90699358e+00  1.22162149e+01]	-0.7724618612775159	14.723281383514404	22	0	0
332	Par1_dcm/DRR.270.png	Par1_dcm/CR.270.png	JointHistogramMutualInformation	[-0.04161702 10.92136427  8.99666002]	-0.6114437557995136	1.4738857746124268	19	0	0
333	Par1_dcm/DRR.270.png	Par1_dcm/CR.270.png	MattesMutualInformation	[-0.00832587  1.84017631 -2.55546161]	-0.5424895180681449	0.3860044479370117	19	0	0
334	Par1_dcm/DRR.270.png	Par1_dcm/CR.270.png	Correlation	[-0.00691875 -1.44538031  0.08826552]	-0.7877701473906208	0.5961527824401855	31	0	0
335	Par1_dcm/DRR.270.png	Par1_dcm/CR.270.png	ANTSNeighborhoodCorrelation	[ -0.01723614 -13.53250667  15.69195671]	-0.7641813326013025	16.9232497215271	24	0	0
336	Par1_dcm/DRR.270.png	Par1_dcm/CR.270.png	JointHistogramMutualInformation	[-0.01264431  4.09277221  0.01328417]	-0.6431599524601408	1.5181961059570312	24	0	0
337	Par1_dcm/DRR.270.png	Par1_dcm/CR.270.png	MattesMutualInformation	[-0.01891619 -7.73580168 -0.85408839]	-0.5205559868428445	0.4180009365081787	19	0	0
338	Par1_dcm/DRR.270.png	Par1_dcm/CR.270.png	Correlation	[-1.09285684e-02 -1.17178133e+01  2.74967907e+00]	-0.7383079264317329	0.693331241607666	19	0	0
339	Par1_dcm/DRR.270.png	Par1_dcm/CR.270.png	ANTSNeighborhoodCorrelation	[ 0.03027656 -8.4103459   5.75260346]	-0.7686077948456738	19.453932523727417	30	0	0
340	Par1_dcm/DRR.270.png	Par1_dcm/CR.270.png	JointHistogramMutualInformation	[ -0.12593627  41.87374398 -13.69912683]	-0.382016066012659	1.3232226371765137	19	0	0
341	Par1_dcm/DRR.270.png	Par1_dcm/CR.270.png	MattesMutualInformation	[-0.00932632 -5.96403719 -2.37634549]	-0.5221294394992562	0.4559972286224365	20	0	0
342	Par1_dcm/DRR.270.png	Par1_dcm/CR.270.png	Correlation	[-0.0067324   0.11708473 -1.19225594]	-0.7838220419352422	0.6372256278991699	27	0	0
343	Par1_dcm/DRR.270.png	Par1_dcm/CR.270.png	ANTSNeighborhoodCorrelation	[-4.94701472e-03 -9.54518273e+00  1.33811572e+01]	-0.7705253760196124	13.950512647628784	19	0	0
344	Par1_dcm/DRR.270.png	Par1_dcm/CR.270.png	JointHistogramMutualInformation	[-0.00220711  0.33831607 -0.83378986]	-0.6545248998675882	0.9565320014953612	20	0	0
345	Par1_dcm/DRR.270.png	Par1_dcm/CR.270.png	MattesMutualInformation	[-0.01051728  0.58638759 -0.49685048]	-0.5447956027527121	0.412996768951416	19	0	0
346	Par1_dcm/DRR.270.png	Par1_dcm/CR.270.png	Correlation	[-0.00781232 -1.80240774 -2.78036603]	-0.7848527905941344	0.6011593341827393	19	0	0
347	Par1_dcm/DRR.270.png	Par1_dcm/CR.270.png	ANTSNeighborhoodCorrelation	[-5.72523139e-03 -1.04047604e+01  2.77780330e+00]	-0.7679258614327149	15.263256788253784	19	0	0
348	Par1_dcm/DRR.270.png	Par1_dcm/CR.270.png	JointHistogramMutualInformation	[-4.87022310e-02  5.41643795e+01 -6.20472559e+00]	-0.3315699725961058	0.9163210391998292	19	0	0
349	Par1_dcm/DRR.270.png	Par1_dcm/CR.270.png	MattesMutualInformation	[-1.69540247e-02  2.82181018e+01 -8.16644364e+00]	-0.3845277587444713	0.4273910522460937	19	0	0
350	Par1_dcm/DRR.270.png	Par1_dcm/CR.270.png	Correlation	[-0.01158298 -4.03230827  6.68106682]	-0.7615887244466841	0.5650634765625	27	0	0
351	Par1_dcm/DRR.270.png	Par1_dcm/CR.270.png	ANTSNeighborhoodCorrelation	[ 2.04099420e-03 -3.61952978e+00 -9.45573478e-01]	-0.7682617146805761	14.565979719161987	21	0	0
352	Par1_dcm/DRR.270.png	Par1_dcm/CR.270.png	JointHistogramMutualInformation	[-0.00469543 -1.42793391 -0.11501198]	-0.6554828167849858	1.137840747833252	19	0	0
353	Par1_dcm/DRR.270.png	Par1_dcm/CR.270.png	MattesMutualInformation	[-0.01143127  1.42679377 -0.8279436 ]	-0.5406450629224561	0.6640005111694336	26	0	0
354	Par1_dcm/DRR.270.png	Par1_dcm/CR.270.png	Correlation	[-0.00224238 -0.95527305 -1.53198968]	-0.7923929325986014	0.8885335922241211	50	0	0
355	Par1_dcm/DRR.270.png	Par1_dcm/CR.270.png	ANTSNeighborhoodCorrelation	[ 6.98412759e-03 -7.60398275e+00  1.52405955e+00]	-0.7688961355872572	13.014880180358888	19	0	0
356	Par1_dcm/DRR.270.png	Par1_dcm/CR.270.png	JointHistogramMutualInformation	[-0.01154698 -0.48322063 -0.63038495]	-0.6542984364898655	1.0162341594696045	23	0	0
357	Par1_dcm/DRR.270.png	Par1_dcm/CR.270.png	MattesMutualInformation	[-0.00895721 -0.79388168 -1.33466979]	-0.5433473691823212	0.6900110244750977	42	0	0
358	Par1_dcm/DRR.270.png	Par1_dcm/CR.270.png	Correlation	[-0.00695941  4.25624402 -4.88722061]	-0.7719693218345981	0.6468000411987305	32	0	0
359	Par1_dcm/DRR.270.png	Par1_dcm/CR.270.png	ANTSNeighborhoodCorrelation	[ 0.00571911 -3.4485119  -0.62370106]	-0.7722255897481135	20.245186805725098	28	0	0
360	Par1_dcm/DRR.270.png	Par1_dcm/CR.270.png	JointHistogramMutualInformation	[-1.57993032e-02  1.80692196e+01  3.31541104e+00]	-0.5769204563925019	1.3650381565093994	19	0	0
361	Par1_dcm/DRR.270.png	Par1_dcm/CR.270.png	MattesMutualInformation	[-0.00314828 -0.70330529 -0.88496601]	-0.543800005931433	0.5459918975830078	21	0	0
362	Par1_dcm/DRR.270.png	Par1_dcm/CR.270.png	Correlation	[-0.03037979 24.4862047  -1.72266658]	-0.6233181837184778	0.4781515598297119	19	0	0
363	Par1_dcm/DRR.270.png	Par1_dcm/CR.270.png	ANTSNeighborhoodCorrelation	[ 3.15718160e-04 -1.27525121e+00 -2.74891500e-01]	-0.7841336703922555	23.680418729782104	40	0	0
364	Par1_dcm/DRR.270.png	Par1_dcm/CR.270.png	JointHistogramMutualInformation	[ 3.14612907e-04  2.81531831e-01 -1.17774624e+00]	-0.6493428281849293	1.0085420608520508	23	0	0
365	Par1_dcm/DRR.270.png	Par1_dcm/CR.270.png	MattesMutualInformation	[-0.00881126  0.29007763 -0.56781865]	-0.5445959240070913	0.6289558410644531	28	0	0
366	Par1_dcm/DRR.270.png	Par1_dcm/CR.270.png	Correlation	[-2.66524890e-03 -7.33404883e-01 -3.65261318e+00]	-0.7840801712708756	0.4250037670135498	19	0	0
367	Par1_dcm/DRR.270.png	Par1_dcm/CR.270.png	ANTSNeighborhoodCorrelation	[ 0.03335656 -7.52830245  5.8898853 ]	-0.7696854857527856	13.086892127990724	19	0	0
368	Par1_dcm/DRR.270.png	Par1_dcm/CR.270.png	JointHistogramMutualInformation	[-0.00106353 -0.04568907  0.73148089]	-0.6535738702794568	1.2438030242919922	24	0	0
369	Par1_dcm/DRR.270.png	Par1_dcm/CR.270.png	MattesMutualInformation	[-0.01498637  2.04391291 -0.55267517]	-0.5384744330835225	0.6173856258392334	38	0	0
370	Par1_dcm/DRR.270.png	Par1_dcm/CR.270.png	Correlation	[-0.00341505 -0.59856688 -1.39672216]	-0.7901771911865451	0.6495685577392578	27	0	0
371	Par1_dcm/DRR.270.png	Par1_dcm/CR.270.png	ANTSNeighborhoodCorrelation	[ 6.91037290e-04 -1.00818139e+01  5.06141759e+00]	-0.7632893389698953	12.6616313457489	19	0	0
372	Par1_dcm/DRR.270.png	Par1_dcm/CR.270.png	JointHistogramMutualInformation	[-0.00562958  1.58845731 -0.49561243]	-0.6545016901498268	1.1600329875946045	27	0	0
373	Par1_dcm/DRR.270.png	Par1_dcm/CR.270.png	MattesMutualInformation	[-0.01303837 -1.46457714 -3.35523971]	-0.5411845298539701	0.4640004634857178	19	0	0
374	Par1_dcm/DRR.270.png	Par1_dcm/CR.270.png	Correlation	[-1.18578934e-03  2.95559804e-01 -5.24715403e+00]	-0.7780938586764583	0.5033233165740967	19	0	0
375	Par1_dcm/DRR.270.png	Par1_dcm/CR.270.png	ANTSNeighborhoodCorrelation	[ 0.01899213 -7.63399893 15.49494082]	-0.7679870247606928	13.313141107559204	19	0	0
376	Par1_dcm/DRR.270.png	Par1_dcm/CR.270.png	JointHistogramMutualInformation	[-0.01443305  0.58472444  1.96427635]	-0.6502994345929838	1.644688606262207	39	0	0
377	Par1_dcm/DRR.270.png	Par1_dcm/CR.270.png	MattesMutualInformation	[-0.00787835 -0.43139668  0.3857065 ]	-0.5414762477845552	0.5481617450714111	32	0	0
378	Par1_dcm/DRR.270.png	Par1_dcm/CR.270.png	Correlation	[ 4.40652297e-02 -5.44138971e+01  1.80091311e+01]	-0.355232214000092	0.6020076274871826	19	0	0
379	Par1_dcm/DRR.270.png	Par1_dcm/CR.270.png	ANTSNeighborhoodCorrelation	[ 0.01078246 -7.88202943  0.93675421]	-0.7729716100994027	13.220530033111572	19	0	0
380	Par1_dcm/DRR.270.png	Par1_dcm/CR.270.png	JointHistogramMutualInformation	[-0.00915292 -1.40083526 -1.53504667]	-0.6517499349979343	1.029449462890625	19	0	0
381	Par1_dcm/DRR.270.png	Par1_dcm/CR.270.png	MattesMutualInformation	[-0.00572653  2.21537984 -2.02406238]	-0.5421915942496828	0.426997423171997	20	0	0
382	Par1_dcm/DRR.270.png	Par1_dcm/CR.270.png	Correlation	[-1.00940448e-02 -3.34098934e+01  8.90877159e+00]	-0.5655184312912838	0.4964222908020019	19	0	0
383	Par1_dcm/DRR.270.png	Par1_dcm/CR.270.png	ANTSNeighborhoodCorrelation	[ 0.01260875 -7.30798852  3.51930285]	-0.7710059730912104	13.712101697921751	19	0	0
384	Par1_dcm/DRR.270.png	Par1_dcm/CR.270.png	JointHistogramMutualInformation	[-2.68368403e-02 -4.80165794e+01  1.19082907e+00]	-0.3942418332619538	1.375560283660889	19	0	0
385	Par1_dcm/DRR.270.png	Par1_dcm/CR.270.png	MattesMutualInformation	[-0.0072037   0.30584844  0.95429003]	-0.5423271099405222	0.5136172771453857	20	0	0
386	Par1_dcm/DRR.270.png	Par1_dcm/CR.270.png	Correlation	[-3.67654213e-03 -1.30373617e-01  5.35768450e+00]	-0.7697054323227691	0.5626266002655029	19	0	0
387	Par1_dcm/DRR.270.png	Par1_dcm/CR.270.png	ANTSNeighborhoodCorrelation	[0.00672877 0.23302007 0.16039307]	-0.7784103026362729	16.458716869354248	23	0	0
388	Par1_dcm/DRR.270.png	Par1_dcm/CR.270.png	JointHistogramMutualInformation	[-0.03181645 -9.30860264  5.11389216]	-0.6307908460068647	0.9972679615020752	19	0	0
389	Par1_dcm/DRR.270.png	Par1_dcm/CR.270.png	MattesMutualInformation	[-0.00882817 -4.92529068  2.43653559]	-0.5295528734552962	0.5270013809204102	31	0	0
390	Par1_dcm/DRR.270.png	Par1_dcm/CR.270.png	Correlation	[-0.01294809 -2.76193461 -4.40343977]	-0.7811102578323863	0.5059993267059326	19	0	0
391	Par1_dcm/DRR.270.png	Par1_dcm/CR.270.png	ANTSNeighborhoodCorrelation	[ 0.00549769 -1.83341437  0.92512681]	-0.7816166402967017	15.219852685928345	19	0	0
392	Par1_dcm/DRR.270.png	Par1_dcm/CR.270.png	JointHistogramMutualInformation	[-0.02426644  0.59202959  0.59791213]	-0.6492686843142293	1.205368995666504	20	0	0
393	Par1_dcm/DRR.270.png	Par1_dcm/CR.270.png	MattesMutualInformation	[-0.01185558  0.98238851 -0.06404278]	-0.5360445741126145	0.3729994297027588	19	0	0
394	Par1_dcm/DRR.270.png	Par1_dcm/CR.270.png	Correlation	[-0.0086356  -4.71157333 -2.93633241]	-0.7811798664226465	0.6082971096038818	19	0	0
395	Par1_dcm/DRR.270.png	Par1_dcm/CR.270.png	ANTSNeighborhoodCorrelation	[ 8.45446603e-03 -8.94543237e+00  4.02937272e+00]	-0.7718172489547435	14.301446437835692	19	0	0
396	Par1_dcm/DRR.270.png	Par1_dcm/CR.270.png	JointHistogramMutualInformation	[-2.78466902e-02  3.19179994e+01 -1.72740518e+00]	-0.4702927637904669	1.2365868091583252	19	0	0
397	Par1_dcm/DRR.270.png	Par1_dcm/CR.270.png	MattesMutualInformation	[-0.01203928  1.97130599 -1.24001276]	-0.5408827796034119	0.50699782371521	20	0	0
398	Par1_dcm/DRR.270.png	Par1_dcm/CR.270.png	Correlation	[-0.01056677  6.34189316 -3.94509082]	-0.7615631126523938	0.620013952255249	19	0	0
399	Par1_dcm/DRR.270.png	Par1_dcm/CR.270.png	ANTSNeighborhoodCorrelation	[-5.24248736e-04 -9.58234425e+00  1.46063969e+01]	-0.7747999287334325	15.49559497833252	19	0	0
